Region,Country
North America,United States
North America,Canada
Latin America,Argentina
Latin America,Bahamas
Latin America,Barbados
Latin America,Belize
Latin America,Bolivia
Latin America,Brazil
Latin America,Chile
Latin America,Colombia
Latin America,Costa Rica
Latin America,Cuba
Latin America,Dominica
Latin America,Dominican Republic
Latin America,Ecuador
Latin America,El Salvador
Latin America,Grenada
Latin America,Guatemala
Latin America,Guyana
Latin America,Haiti
Latin America,Honduras
Latin America,Jamaica
Latin America,Mexico
Latin America,Nicaragua
Latin America,Panama
Latin America,Paraguay
Latin America,Peru
Latin America,Saint Kitts and Nevis
Latin America,Saint Lucia
Latin America,Saint Vincent and the Grenadines
Latin America,Suriname
Latin America,Trinidad and Tobago
Latin America,Uruguay
Latin America,Venezuela
MENA,Algeria
MENA,Bahrain
MENA,Egypt
MENA,Iran
MENA,Iraq
MENA,Jordan
MENA,Kuwait
MENA,Lebanon
MENA,Libya
MENA,Morocco
MENA,Oman
MENA,Qatar
MENA,Saudi Arabia
MENA,Palestine
MENA,Syria
MENA,Tunisia
MENA,United Arab Emirates
MENA,Yemen
Sub-Saharan Africa,Angola
Sub-Saharan Africa,Benin
Sub-Saharan Africa,Botswana
Sub-Saharan Africa,Burkina Faso
Sub-Saharan Africa,Burundi
Sub-Saharan Africa,Cabo Verde
Sub-Saharan Africa,Cameroon
Sub-Saharan Africa,Central African Republic
Sub-Saharan Africa,Chad
Sub-Saharan Africa,Comoros
Sub-Saharan Africa,Congo (Dem. Republic of the)
Sub-Saharan Africa,Congo (Republic of the)
Sub-Saharan Africa,CÃ´te d'Ivoire
Sub-Saharan Africa,Djibouti
Sub-Saharan Africa,Equatorial Guinea
Sub-Saharan Africa,Eritrea
Sub-Saharan Africa,Eswatini
Sub-Saharan Africa,Ethiopia
Sub-Saharan Africa,Gabon
Sub-Saharan Africa,Gambia
Sub-Saharan Africa,Ghana
Sub-Saharan Africa,Guinea
Sub-Saharan Africa,Guinea-Bissau
Sub-Saharan Africa,Kenya
Sub-Saharan Africa,Lesotho
Sub-Saharan Africa,Liberia
Sub-Saharan Africa,Madagascar
Sub-Saharan Africa,Malawi
Sub-Saharan Africa,Mali
Sub-Saharan Africa,Mauritania
Sub-Saharan Africa,Mauritius
Sub-Saharan Africa,Mozambique
Sub-Saharan Africa,Namibia
Sub-Saharan Africa,Niger
Sub-Saharan Africa,Nigeria
Sub-Saharan Africa,Rwanda
Sub-Saharan Africa,Sao Tome and Principe
Sub-Saharan Africa,Senegal
Sub-Saharan Africa,Seychelles
Sub-Saharan Africa,Sierra Leone
Sub-Saharan Africa,Somalia
Sub-Saharan Africa,South Africa
Sub-Saharan Africa,South Sudan
Sub-Saharan Africa,Sudan
Sub-Saharan Africa,Tanzania
Sub-Saharan Africa,Togo
Sub-Saharan Africa,Uganda
Sub-Saharan Africa,Zambia
Sub-Saharan Africa,Zimbabwe
Western Europe,Andorra
Western Europe,Austria
Western Europe,Belgium
Western Europe,Denmark
Western Europe,Finland
Western Europe,France
Western Europe,Germany
Western Europe,Holy See (Vatican City)
Western Europe,Iceland
Western Europe,Ireland
Western Europe,Liechtenstein
Western Europe,Luxembourg
Western Europe,Monaco
Western Europe,Netherlands
Western Europe,Norway
Western Europe,Portugal
Western Europe,San Marino
Western Europe,Spain
Western Europe,Sweden
Western Europe,Switzerland
Western Europe,United Kingdom
Eastern Europe,Albania
Eastern Europe,Belarus
Eastern Europe,Bosnia and Herzegovina
Eastern Europe,Bulgaria
Eastern Europe,Croatia
Eastern Europe,Czechia (Czech Republic)
Eastern Europe,Estonia
Eastern Europe,Greece
Eastern Europe,Hungary
Eastern Europe,Latvia
Eastern Europe,Lithuania
Eastern Europe,Moldova
Eastern Europe,Montenegro
Eastern Europe,North Macedonia
Eastern Europe,Poland
Eastern Europe,Romania
Eastern Europe,Russia
Eastern Europe,Serbia
Eastern Europe,Slovakia
Eastern Europe,Slovenia
Eastern Europe,Ukraine
Central Asia,Kazakhstan
Central Asia,Kyrgyzstan
Central Asia,Tajikistan
Central Asia,Turkmenistan
Central Asia,Uzbekistan
South Asia,Afghanistan
South Asia,Bangladesh
South Asia,Bhutan
South Asia,India
South Asia,Maldives
South Asia,Nepal
South Asia,Pakistan
South Asia,Sri Lanka
East Asia,China
East Asia,Japan
East Asia,North Korea
East Asia,South Korea
East Asia,Mongolia
Southeast Asia,Brunei Darussalam
Southeast Asia,Cambodia
Southeast Asia,Indonesia
Southeast Asia,Laos
Southeast Asia,Malaysia
Southeast Asia,Myanmar
Southeast Asia,Philippines
Southeast Asia,Singapore
Southeast Asia,Thailand
Southeast Asia,Timor-Leste
Southeast Asia,Vietnam
Oceania,Australia
Oceania,Fiji
Oceania,Kiribati
Oceania,Marshall Islands
Oceania,Micronesia (Federated States of)
Oceania,Nauru
Oceania,New Zealand
Oceania,Palau
Oceania,Papua New Guinea
Oceania,Samoa
Oceania,Solomon Islands
Oceania,Tonga
Oceania,Tuvalu
Oceania,Vanuatu